{
  "project_info": {
    "project_number": "1912029315",
    "project_id": "evidencepropush",
    "storage_bucket": "evidencepropush.firebasestorage.app"
  },
  "client": [
    {
      "client_info": {
        "mobilesdk_app_id": "1:1912029315:android:2cfdba99267fcc78609bb6",
        "android_client_info": {
          "package_name": "com.evidence.pro"
        }
      },
      "oauth_client": [],
      "api_key": [
        {
          "current_key": "AIzaSyBKfJjMWNs1rQDljWltY76ZTq9GF64QoRA"
        }
      ],
      "services": {
        "appinvite_service": {
          "other_platform_oauth_client": []
        }
      }
    }
  ],
  "configuration_version": "1"
}