[
   {
      "from": "Алпразолам",
      "to": [
         {
            "title": "Диазепам",
            "dose": 10,
            "rangeLow": 5,
            "rangeUp": 20,
            "multiple": true
         },
         {
            "title": "Лоразепам",
            "dose": 2,
            "rangeLow": 1,
            "rangeUp": 4,
            "multiple": true
         },
         {
            "title": "Триазолам",
            "dose": 2,
            "rangeLow": 1,
            "rangeUp": 4,
            "multiple": false
         }
      ]
   },
   {
      "from": "Диазепам",
      "to": [
         {
            "title": "Алпразолам",
            "dose": 10,
            "rangeLow": 5,
            "rangeUp": 20,
            "multiple": false
         },
         {
            "title": "Лоразепам",
            "dose": 6,
            "rangeLow": 2.5,
            "rangeUp": 10,
            "multiple": false
         },
         {
            "title": "Триазолам",
            "dose": 20,
            "rangeLow": 10,
            "rangeUp": 40,
            "multiple": false
         }
      ]
   },
   {
      "from": "Лоразепам",
      "to": [
         {
            "title": "Алпразолам",
            "dose": 2,
            "rangeLow": 1,
            "rangeUp": 4,
            "multiple": false
         },
         {
            "title": "Диазепам",
            "dose": 6,
            "rangeLow": 2.5,
            "rangeUp": 10,
            "multiple": true
         },
         {
            "title": "Триазолам",
            "dose": 4,
            "rangeLow": 2,
            "rangeUp": 8,
            "multiple": false
         }
      ]
   },
   {
      "from": "Триазолам",
      "to": [
         {
            "title": "Алпразолам",
            "dose": 2,
            "rangeLow": 1,
            "rangeUp": 4,
            "multiple": true
         },
         {
            "title": "Диазепам",
            "dose": 20,
            "rangeLow": 10,
            "rangeUp": 40,
            "multiple": true
         },
         {
            "title": "Лоразепам",
            "dose": 4,
            "rangeLow": 2,
            "rangeUp": 8,
            "multiple": true
         }
      ]
   }
]