[
   {
      "title": "Общие",
      "data": [
         {
            "calcId": "EV-CALC-01",
            "calcTitle": "Конвертация кортикостероидов",
            "calcText": "Расчет эквивалентных доз кортикостероидов (глюкокортикоидный эффект)",
            "calcLink": "gcsconverter",
            "calcType": ["общие"]
         },
         {
            "calcId": "EV-CALC-02",
            "calcTitle": "Конвертация кортикостероидов",
            "calcText": "Расчет эквивалентных доз кортикостероидов (минералокортикоидный эффект)",
            "calcLink": "csconverter-mineral",
            "calcType": ["общие"]
         },
         {
            "calcId": "EV-CALC-03",
            "calcTitle": "Скорость внутривенной инфузии",
            "calcText": "Калькулятор скорости внутривенного капельного введения",
            "calcLink": "volumespeed",
            "calcType": ["общие"]
         },
         {
            "calcId": "EV-CALC-04",
            "calcTitle": "Содержания вещества в растворе",
            "calcText": "Расчет содержания вещества в растворе (из % в г)",
            "calcLink": "pgsolution",
            "calcType": ["общие"]
         },
         {
            "calcId": "EV-CALC-05",
            "calcTitle": "Индекс курения",
            "calcText": "Калькулятор индекса курения",
            "calcLink": "smokingindex",
            "calcType": ["общие", "пульмо"]
         },
         {
            "calcId": "EV-CALC-06",
            "calcTitle": "Никотиновая зависимость",
            "calcText": "Тест Фагерстрёма: оценка степени никотиновой зависимости",
            "calcLink": "nicotinetest",
            "calcType": ["общие"]
         },
         {
            "calcId": "EV-CALC-07",
            "calcTitle": "Калькулятор количества солнцезащитного крема (SPF)",
            "calcText": "Помогает определить, сколько солнцезащитного крема нужно, чтобы защитить кожу",
            "calcLink": "sunscreen",
            "calcType": ["общие", "дерматология"]
         },
         {
            "calcId": "EV-CALC-08",
            "calcTitle": "Индекс целесообразности приема лекарств",
            "calcText": "Помогает определить, насколько конкретное лекарство соответствует целям лечения у пожилых людей",
            "calcLink": "g-mai",
            "calcType": ["общие"]
         },
         {
            "calcId": "EV-CALC-09",
            "calcTitle": "Индекс массы тела",
            "calcText": "Калькулятор индекса массы тела",
            "calcLink": "bmi",
            "calcType": ["общие"]
         },
         {
            "calcId": "EV-CALC-10",
            "calcTitle": "Идеальный и скорректированный веса тела",
            "calcText": "Калькулятор идеального и скорректированного веса тела",
            "calcLink": "ideal-adjusted-weight",
            "calcType": ["общие"]
         },
         {
            "calcId": "EV-CALC-11",
            "calcTitle": "Площадь поверхности тела",
            "calcText": "Калькулятор площади поверхности тела",
            "calcLink": "body-surface-area",
            "calcType": ["общие"]
         },
         {
            "calcId": "EV-CALC-12",
            "calcTitle": "Шкала Epworth",
            "calcText": "Оценка сонливости и наличия нарколепсии",
            "calcLink": "epworth-sleepiness-scale",
            "calcType": ["общие"]
         },
         {
            "calcId": "EV-CALC-13",
            "calcTitle": "Осмолярная разница",
            "calcText": "Калькулятор осмолярности плазмы и осмолярной разницы",
            "calcLink": "serum-osmolality",
            "calcType": ["общие", "токсикология"]
         },
         {
            "calcId": "EV-CALC-14",
            "calcTitle": "Калькулятор индекса трудоспособности Карновского",
            "calcText": "Полезен для отслеживания прогрессирования заболевания с течением времени",
            "calcLink": "karnofsky-scale",
            "calcType": ["общие"]
         },
         {
            "calcId": "EV-CALC-15",
            "calcTitle": "Калькулятор соотношения талии к росту",
            "calcText": "Определяет соотношение талии и роста",
            "calcLink": "whtr",
            "calcType": ["общие"]
         }
      ]
   },
   {
      "title": "Кардиология",
      "data": [
         {
            "calcId": "EV-CALC-16",
            "calcTitle": "Шкала SCORE2 և SCORE2-OP",
            "calcText": "10-летний риск сердечно-сосудистых заболеваний (фатальных и не фатальных)",
            "calcLink": "score2",
            "calcType": ["кардиология"]
         },
         {
            "calcId": "EV-CALC-17",
            "calcTitle": "Шкала SCORE2-Diabetes",
            "calcText": "10-летний риск сердечно-сосудистых событий у пациентов с сахарным диабетом 2 типа",
            "calcLink": "score2-diabetes",
            "calcType": ["кардиология", "эндокрин"]
         },
         {
            "calcId": "EV-CALC-18",
            "calcTitle": "Шкала ABCD2",
            "calcText": "Оценка риска развития раннего инсульта после транзиторной ишемической атаки",
            "calcLink": "abcd2",
            "calcType": ["кардиология", "неврология"]
         },
         {
            "calcId": "EV-CALC-19",
            "calcTitle": "Шкала CHA2DS2VASc",
            "calcText": "Оценка риска инсульта и тромбоэмболических осложнений при фибрилляции и трепетании предсердий",
            "calcLink": "cha2ds2vasc",
            "calcType": ["кардиология", "неврология"]
         },
         {
            "calcId": "EV-CALC-20",
            "calcTitle": "Фрамингемская шкала",
            "calcText": "Оценка риска инсульта в ближайшие 10 лет при наличии сердечно-сосудистых заболеваний",
            "calcLink": "framinghamscore",
            "calcType": ["кардиология"]
         },
         {
            "calcId": "EV-CALC-21",
            "calcTitle": "Шкала GRACE",
            "calcText": "Риск инфаркта миокарда и летальность на госпитальном этапе",
            "calcLink": "grace",
            "calcType": ["кардиология"]
         },
         {
            "calcId": "EV-CALC-22",
            "calcTitle": "Шкала HEART",
            "calcText": "6-недельная оценка риска серьезных сердечных событий",
            "calcLink": "heart",
            "calcType": ["кардиология"]
         },
         {
            "calcId": "EV-CALC-23",
            "calcTitle": "Шкала HEMORR₂HAGES",
            "calcText": "Оценка риска большого кровотечения при фибрилляции предсердий",
            "calcLink": "hemorr2hages",
            "calcType": ["кардиология", "гематология"]
         },
         {
            "calcId": "EV-CALC-24",
            "calcTitle": "Шкала PRECISE-DAPT",
            "calcText": "Оценка риска антиагрегантной терапии при коронарном стентировании",
            "calcLink": "precisedapt",
            "calcType": ["кардиология"]
         },
         {
            "calcId": "EV-CALC-25",
            "calcTitle": "Шкала REACH",
            "calcText": "Оценка риска серьезного кровотечения у стабильного пациента с атеросклерозом",
            "calcLink": "reach",
            "calcType": ["кардиология", "гематология"]
         },
         {
            "calcId": "EV-CALC-26",
            "calcTitle": "Шкала CRUSADE",
            "calcText": "Оценка риска кровотечения у пациентов с острым коронарным синдромом без подъема сегмента ST",
            "calcLink": "crusade",
            "calcType": ["кардиология", "гематология"]
         },
         {
            "calcId": "EV-CALC-27",
            "calcTitle": "Шкала H2FPEF",
            "calcText": "Дифференциация одышки при сердечной недостаточности с сохраненной фракцией выброса от внесердечных причин",
            "calcLink": "h2fpef",
            "calcType": ["кардиология"]
         },
         {
            "calcId": "EV-CALC-28",
            "calcTitle": "Калькулятор риска QT (ИТ)",
            "calcText": "Помогает определить риск QT для конкретного пациента (интенсивная терапия)",
            "calcLink": "qt-risk-icu",
            "calcPay": 1,
            "calcType": ["кардиология"]
         },
         {
            "calcId": "EV-CALC-29",
            "calcTitle": "Калькулятор риска QT (НИТ)",
            "calcText": "Помогает определить риск QT у конкретного пациента (не интенсивная терапия)",
            "calcLink": "qt-risk-non-icu",
            "calcPay": 1,
            "calcType": ["кардиология"]
         },
         {
            "calcId": "EV-CALC-30",
            "calcTitle": "Шкала HAS-BLED",
            "calcText": "Помогает оценить риск-польза антикоагулянтной терапии при лечении мерцательной аритмии",
            "calcLink": "has-bled",
            "calcType": ["кардиология", "гематология"]
         },
         {
            "calcId": "EV-CALC-31",
            "calcTitle": "Корректированный интервал QT (QTc)",
            "calcText": "Корректирует интервал QT для экстремальных значений частоты сердечных сокращений",
            "calcLink": "qtc",
            "calcType": ["кардиология"]
         },
         {
            "calcId": "EV-CALC-32",
            "calcTitle": "Липидный калькулятор статинов",
            "calcText": "Помогает оценить влияние различных статинов на липопротеины и триглицериды",
            "calcLink": "statins-lipids",
            "calcPay": 1,
            "calcType": ["кардиология"]
         },
         {
            "calcId": "EV-CALC-33",
            "calcTitle": "Клинический индекс статин-ассоциированных мышечных симптомов",
            "calcText": "Помогает определить, связана ли мышечная боль с приемом статинов или нет",
            "calcLink": "sams",
            "calcPay": 1,
            "calcType": ["кардиология", "эндокрин"]
         },
         {
            "calcId": "EV-CALC-34",
            "calcTitle": "Шкала GARFIELD-AF",
            "calcText": "Помогает предсказать риск смерти, инсульта и сильного кровотечения",
            "calcLink": "garfield",
            "calcType": ["кардиология", "гематология"]
         }
      ]
   },
   {
      "title": "Неврология",
      "data": [
         {
            "calcId": "EV-CALC-18",
            "calcTitle": "Шкала ABCD2",
            "calcText": "Оценка риска развития раннего инсульта после транзиторной ишемической атаки",
            "calcLink": "abcd2",
            "calcType": ["кардиология", "неврология"]
         },
         {
            "calcId": "EV-CALC-19",
            "calcTitle": "Шкала CHA2DS2VASc ",
            "calcText": "Оценка риска инсульта и тромбоэмболических осложнений при фибрилляции и трепетании предсердий",
            "calcLink": "cha2ds2vasc",
            "calcType": ["кардиология", "неврология"]
         },
         {
            "calcId": "EV-CALC-35",
            "calcTitle": "Шкала клинической слабости",
            "calcText": "Помогает оценить степень слабости",
            "calcLink": "clinical-frailty-scale",
            "calcType": ["неврология"]
         },
         {
            "calcId": "EV-CALC-36",
            "calcTitle": "Опросник симптомов отмены бензодиазепинов",
            "calcText": "Помогает обнаружить и оценить симптомы отмены бензодиазепинов",
            "calcLink": "benzodiazepine-questionnaire",
            "calcType": ["неврология", "психиатрия"]
         },
         {
            "calcId": "EV-CALC-37",
            "calcTitle": "Шкала оценки симптомов отмены бензодиазепинов",
            "calcText": "Clinical Institute Withdrawal Assessment Scale - Benzodiazepines",
            "calcLink": "ciwa-b",
            "calcType": ["неврология", "психиатрия"]
         },
         {
            "calcId": "EV-CALC-38",
            "calcTitle": "Опросник по агитации Коэна-Мэнсфилда",
            "calcText": "Инструмент для оценки уровня возбуждения и беспокойного поведения у пожилых людей",
            "calcLink": "cohen-mansfield-agitation-inventory",
            "calcType": ["неврология", "психиатрия"]
         },
         {
            "calcId": "EV-CALC-39",
            "calcTitle": "Конвертация бензодиазепинов",
            "calcText": "Помогает определить эквивалентные дозы различных бензодиазепинов",
            "calcLink": "benzodiazepine-conversion",
            "calcType": ["неврология", "психиатрия"]
         }
      ]
   },
   {
      "title": "Дерматология",
      "data": [
         {
            "calcId": "EV-CALC-07",
            "calcTitle": "Калькулятор количества солнцезащитного крема (SPF)",
            "calcText": "Помогает определить, сколько солнцезащитного крема нужно, чтобы защитить кожу",
            "calcLink": "sunscreen",
            "calcType": ["общие", "дерматология"]
         }
      ]
   },
   {
      "title": "Нефрология",
      "data": [
         {
            "calcId": "EV-CALC-40",
            "calcTitle": "Калькулятор СКФ Cockcroft-Gault",
            "calcText": "Калькулятор скорости клубочковой фильтрации формулой Cockcroft and Gault",
            "calcLink": "egfr-cockcroft",
            "calcType": ["нефрология"]
         },
         {
            "calcId": "EV-CALC-41",
            "calcTitle": "Калькулятор СКФ MDRD",
            "calcText": "Калькулятор скорости клубочковой фильтрации по формуле MDRD",
            "calcLink": "egfr-mdrd",
            "calcType": ["нефрология"]
         },
         {
            "calcId": "EV-CALC-42",
            "calcTitle": "Калькулятор СКФ CKD-EPI",
            "calcText": "Калькулятор скорости клубочковой фильтрации формулой CKD-EPI",
            "calcLink": "egfr-ckd-epi",
            "calcType": ["нефрология"]
         }
      ]
   },
   {
      "title": "Стоматология",
      "data": [
         {
            "calcId": "EV-CALC-43",
            "calcTitle": "Калькулятор максимальных доз ЛА",
            "calcText": "Калькулятор максимальных доз местных анестетиков, используемых в стоматологии",
            "calcLink": "dent-ta-max",
            "calcType": ["стоматология"]
         }
      ]
   },
   {
      "title": "Оценка риска кровотечения",
      "data": [
         {
            "calcId": "EV-CALC-23",
            "calcTitle": "Шкала HEMORR₂HAGES",
            "calcText": "Оценка риска большого кровотечения при фибрилляции предсердий",
            "calcLink": "hemorr2hages",
            "calcType": ["кардиология", "гематология"]
         },
         {
            "calcId": "EV-CALC-25",
            "calcTitle": "Шкала REACH",
            "calcText": "Оценка риска серьезного кровотечения у стабильного пациента с атеросклерозом",
            "calcLink": "reach",
            "calcType": ["кардиология", "гематология"]
         },
         {
            "calcId": "EV-CALC-26",
            "calcTitle": "Шкала CRUSADE",
            "calcText": "Оценка риска кровотечения у пациентов с острым коронарным синдромом без подъема сегмента ST",
            "calcLink": "crusade",
            "calcType": ["кардиология", "гематология"]
         },
         {
            "calcId": "EV-CALC-30",
            "calcTitle": "Шкала HAS-BLED",
            "calcText": "Помогает оценить риск-польза антикоагулянтной терапии при лечении мерцательной аритмии",
            "calcLink": "has-bled",
            "calcType": ["кардиология", "гематология"]
         },
         {
            "calcId": "EV-CALC-34",
            "calcTitle": "Шкала GARFIELD-AF",
            "calcText": "Помогает предсказать риск смерти, инсульта и сильного кровотечения",
            "calcLink": "garfield",
            "calcType": ["кардиология", "гематология"]
         }
      ]
   },
   {
      "title": "Инфекционные болезни",
      "data": [
         {
            "calcId": "EV-CALC-44",
            "calcTitle": "Шкала Centor",
            "calcText": "Оценивает вероятность стрептококкового фарингита",
            "calcLink": "centor",
            "calcType": ["инфекционный"]
         }
      ]
   },
   {
      "title": "Эндокринология",
      "data": [
         {
            "calcId": "EV-CALC-45",
            "calcTitle": "Калькулятор Ca",
            "calcText": "Коррекция концентрации кальция при гипоальбуминемии",
            "calcLink": "ca-correction-hypoalbum",
            "calcType": ["эндокрин"]
         },
         {
            "calcId": "EV-CALC-46",
            "calcTitle": "Калькулятор риска Американской диабетической ассоциации",
            "calcText": "Прогнозирует риск недиагностированного диабета",
            "calcLink": "ada-risk",
            "calcType": ["эндокрин"]
         },
         {
            "calcId": "EV-CALC-47",
            "calcTitle": "Кембриджская шкала риска диабета",
            "calcText": "Прогнозирует риск ранее недиагностированного диабета 2 типа",
            "calcLink": "cambridge-diabetes-risk",
            "calcType": ["эндокрин"]
         },
         {
            "calcId": "EV-CALC-48",
            "calcTitle": "Инструмент самооценки остеопороза",
            "calcText": "Оценка риска остеопороза",
            "calcLink": "ost",
            "calcType": ["эндокрин"]
         },
         {
            "calcId": "EV-CALC-33",
            "calcTitle": "Клинический индекс статин-ассоциированных мышечных симптомов",
            "calcText": "Помогает определить, связана ли мышечная боль с приемом статинов или нет",
            "calcLink": "sams",
            "calcPay": 1,
            "calcType": ["кардиология", "эндокрин"]
         },
         {
            "calcId": "EV-CALC-17",
            "calcTitle": "Шкала SCORE2-Diabetes",
            "calcText": "10-летний риск сердечно-сосудистых событий у пациентов с сахарным диабетом 2 типа",
            "calcLink": "score2-diabetes",
            "calcType": ["кардиология", "эндокрин"]
         }
      ]
   },
   {
      "title": "Психиатрия",
      "data": [
         {
            "calcId": "EV-CALC-49",
            "calcTitle": "Шкала COWS",
            "calcText": "Клиническая шкала отмены опиатов",
            "calcLink": "cows",
            "calcType": ["психиатрия"]
         },
         {
            "calcId": "EV-CALC-36",
            "calcTitle": "Опросник симптомов отмены бензодиазепинов",
            "calcText": "Помогает обнаружить и оценить симптомы отмены бензодиазепинов",
            "calcLink": "benzodiazepine-questionnaire",
            "calcType": ["неврология", "психиатрия"]
         },
         {
            "calcId": "EV-CALC-37",
            "calcTitle": "Шкала оценки симптомов отмены бензодиазепинов",
            "calcText": "Clinical Institute Withdrawal Assessment Scale - Benzodiazepines",
            "calcLink": "ciwa-b",
            "calcType": ["неврология", "психиатрия"]
         },
         {
            "calcId": "EV-CALC-38",
            "calcTitle": "Опросник по агитации Коэна-Мэнсфилда",
            "calcText": "Инструмент для оценки уровня возбуждения и беспокойного поведения у пожилых людей",
            "calcLink": "cohen-mansfield-agitation-inventory",
            "calcType": ["неврология", "психиатрия"]
         },
         {
            "calcId": "EV-CALC-39",
            "calcTitle": "Конвертация бензодиазепинов",
            "calcText": "Помогает определить эквивалентные дозы различных бензодиазепинов",
            "calcLink": "benzodiazepine-conversion",
            "calcType": ["неврология", "психиатрия"]
         }
      ]
   },
   {
      "title": "Токсикология",
      "data": [
         {
            "calcId": "EV-CALC-50",
            "calcTitle": "Калькулятор токсичности парацетамола",
            "calcText": "Калькулятор оценки токсичности парацетамола",
            "calcLink": "acetaminophen-toxicity-assessment",
            "calcType": ["токсикология"]
         },
         {
            "calcId": "EV-CALC-51",
            "calcTitle": "Калькулятор дозировки N-АЦ",
            "calcText": "Калькулятор дозировки N-ацетилцистеина при передозировке парацетамолом",
            "calcLink": "acetaminophen-overdose-nac-dosing",
            "calcType": ["токсикология"]
         },
         {
            "calcId": "EV-CALC-13",
            "calcTitle": "Осмолярная разница",
            "calcText": "Калькулятор осмолярности плазмы и осмолярной разницы",
            "calcLink": "serum-osmolality",
            "calcType": ["общие", "токсикология"]
         }
      ]
   },
   {
      "title": "Акушерство и гинекология",
      "data": [
         {
            "calcId": "EV-CALC-53",
            "calcTitle": "Шкала Апгар",
            "calcText": "Система оценки состояния новорожденного («клинического статуса») в первые минуты жизни",
            "calcLink": "apgar-score",
            "calcType": ["гинекология"]
         }
      ]
   },
   {
      "title": "Пульмонология",
      "data": [
         {
            "calcId": "EV-CALC-05",
            "calcTitle": "Индекс курения",
            "calcText": "Калькулятор индекса курения",
            "calcLink": "smokingindex",
            "calcType": ["общие", "пульмо"]
         },
         {
            "calcId": "EV-CALC-54",
            "calcTitle": "Индекс прогнозирования астмы",
            "calcText": "Определяет вероятность развития детской астмы у пациентов детского возраста",
            "calcLink": "asthma-predictive-index",
            "calcType": ["пульмо", "педиатрия"]
         },
         {
            "calcId": "EV-CALC-55",
            "calcTitle": "Калькулятор лекарственной устойчивости при пневмонии",
            "calcText": "Помогает определить, когда следует использовать антибиотики широкого спектра действия",
            "calcLink": "drip",
            "calcType": ["пульмо"]
         },
         {
            "calcId": "EV-CALC-60",
            "calcTitle": "Оценочный тест ХОБЛ (CAT)",
            "calcText": "Количественно оценивает влияние симптомов ХОБЛ на общее состояние здоровья",
            "calcLink": "copd-assessment",
            "calcType": ["пульмо"]
         },
         {
            "calcId": "EV-CALC-61",
            "calcTitle": "Шкала одышки mMRC",
            "calcText": "Указывает на выраженность одышки при заболеваниях органов дыхания",
            "calcLink": "mmrc",
            "calcType": ["пульмо"]
         }
      ]
   },
   {
      "title": "Педиатрия",
      "data": [
         {
            "calcId": "EV-CALC-54",
            "calcTitle": "Индекс прогнозирования астмы",
            "calcText": "Определяет вероятность развития детской астмы у пациентов детского возраста",
            "calcLink": "asthma-predictive-index",
            "calcType": ["пульмо", "педиатрия"]
         }
      ]
   },
   {
      "title": "Гастроэнтерология",
      "data": [
         {
            "calcId": "EV-CALC-56",
            "calcTitle": "Шкала Child-Pugh",
            "calcText": "Помогает оценить тяжесть цирроза",
            "calcLink": "child-pugh-score",
            "calcType": ["гастроэнт"]
         },
         {
            "calcId": "EV-CALC-57",
            "calcTitle": "Шкала MELD (Pre-2016)",
            "calcText": "Помогает определить прогноз и приоритетность трансплантации печени",
            "calcLink": "meld-score-original",
            "calcType": ["гастроэнт"]
         },
         {
            "calcId": "EV-CALC-58",
            "calcTitle": "Шкала MELD Na",
            "calcText": "Помогает определить прогноз и приоритетность трансплантации печени",
            "calcLink": "meld-score-na",
            "calcType": ["гастроэнт"]
         },
         {
            "calcId": "EV-CALC-59",
            "calcTitle": "Шкала MELD 3.0",
            "calcText": "Помогает определить прогноз и приоритетность трансплантации печени",
            "calcLink": "meld-score-3",
            "calcType": ["гастроэнт"]
         }
      ]
   }
]